-- phpMyAdmin SQL Dump
-- version 5.2.0
-- https://www.phpmyadmin.net/
--
-- Host: 127.0.0.1
-- Generation Time: Oct 09, 2023 at 09:46 AM
-- Server version: 10.4.27-MariaDB
-- PHP Version: 8.0.25

SET SQL_MODE = "NO_AUTO_VALUE_ON_ZERO";
START TRANSACTION;
SET time_zone = "+00:00";


/*!40101 SET @OLD_CHARACTER_SET_CLIENT=@@CHARACTER_SET_CLIENT */;
/*!40101 SET @OLD_CHARACTER_SET_RESULTS=@@CHARACTER_SET_RESULTS */;
/*!40101 SET @OLD_COLLATION_CONNECTION=@@COLLATION_CONNECTION */;
/*!40101 SET NAMES utf8mb4 */;

--
-- Database: `batik`
--

-- --------------------------------------------------------

--
-- Table structure for table `alamat`
--

CREATE TABLE `alamat` (
  `id` bigint(20) UNSIGNED NOT NULL,
  `cities_id` int(10) UNSIGNED NOT NULL,
  `detail` varchar(255) NOT NULL,
  `user_id` int(10) UNSIGNED NOT NULL,
  `kode_pos` int(11) NOT NULL,
  `created_at` timestamp NULL DEFAULT NULL,
  `updated_at` timestamp NULL DEFAULT NULL
) ENGINE=InnoDB DEFAULT CHARSET=utf8mb4 COLLATE=utf8mb4_unicode_ci;

--
-- Dumping data for table `alamat`
--

INSERT INTO `alamat` (`id`, `cities_id`, `detail`, `user_id`, `kode_pos`, `created_at`, `updated_at`) VALUES
(1, 323, 'Jl. Nasution No.2B', 5, 0, '2022-07-08 09:08:14', '2022-07-08 09:08:14'),
(2, 64, 'Jln. Basmol Raya No. 836, Payakumbuh 37432, Riau', 7, 0, '2022-07-15 01:02:14', '2022-07-15 01:02:14'),
(3, 345, 'Ds. Mojoasri Rt 08 Rw 01 Kec. Mojogedang Kab. Mojokerto  Jl. Asri indah No.2 Mojolayu', 9, 0, '2022-07-31 23:47:56', '2022-07-31 23:47:56'),
(4, 323, 'Desa Bulu kerto no.23 Jl. Kemenangan', 10, 0, '2022-08-01 00:26:31', '2022-08-01 00:26:31'),
(5, 345, 'Desa Bulu kerto no.23 Jl. Kemenangan', 11, 0, '2022-08-01 00:35:13', '2022-08-01 00:35:13'),
(6, 102, '', 1, 0, '2022-08-05 15:16:36', '2022-08-05 15:35:15'),
(7, 8, '', 12, 0, '2022-08-05 15:46:43', '2022-08-09 15:10:52'),
(8, 313, 'Desa Kartoharjo Rt 07 Rw 01 Kec.Karangjati Kab.Jawa Tengah', 17, 0, '2022-08-13 02:22:11', '2022-08-13 02:22:11'),
(9, 50, 'Desa Bulu kerto no.23 Jl. Kemenangan Kec.Maju', 19, 0, '2022-08-13 06:01:18', '2022-08-13 06:01:18'),
(10, 313, 'Jl. Amerkhan No.1 Kabupaten Salatiga', 20, 0, '2022-12-22 14:17:17', '2022-12-22 14:17:17');

-- --------------------------------------------------------

--
-- Table structure for table `alamat_toko`
--

CREATE TABLE `alamat_toko` (
  `id` bigint(20) UNSIGNED NOT NULL,
  `city_id` int(11) NOT NULL,
  `detail` varchar(255) NOT NULL,
  `created_at` timestamp NULL DEFAULT NULL,
  `updated_at` timestamp NULL DEFAULT NULL
) ENGINE=InnoDB DEFAULT CHARSET=utf8mb4 COLLATE=utf8mb4_unicode_ci;

--
-- Dumping data for table `alamat_toko`
--

INSERT INTO `alamat_toko` (`id`, `city_id`, `detail`, `created_at`, `updated_at`) VALUES
(1, 385, 'Simbatan Wetan, Simbatan, Kec. Nguntoronadi, Kabupaten Magetan, Jawa Timur 63383', NULL, NULL);

-- --------------------------------------------------------

--
-- Table structure for table `categories`
--

CREATE TABLE `categories` (
  `id` int(10) UNSIGNED NOT NULL,
  `name` varchar(255) NOT NULL,
  `created_at` timestamp NULL DEFAULT NULL,
  `updated_at` timestamp NULL DEFAULT NULL
) ENGINE=InnoDB DEFAULT CHARSET=utf8mb4 COLLATE=utf8mb4_unicode_ci;

--
-- Dumping data for table `categories`
--

INSERT INTO `categories` (`id`, `name`, `created_at`, `updated_at`) VALUES
(1, 'Besek', NULL, NULL),
(2, 'Peci', NULL, NULL),
(3, 'Kotak Hantaran', NULL, NULL),
(4, 'Kotak Tisu', NULL, NULL),
(5, 'Keranjang Buah', NULL, NULL),
(6, 'Tas', NULL, NULL);

-- --------------------------------------------------------

--
-- Table structure for table `cekongkir`
--

CREATE TABLE `cekongkir` (
  `id` int(10) UNSIGNED NOT NULL,
  `province_id` bigint(20) UNSIGNED NOT NULL,
  `nama_province` varchar(255) NOT NULL,
  `city_id` bigint(20) UNSIGNED NOT NULL,
  `nama_cities` varchar(255) NOT NULL,
  `nama_couriers` varchar(255) NOT NULL,
  `created_at` timestamp NULL DEFAULT NULL,
  `updated_at` timestamp NULL DEFAULT NULL
) ENGINE=InnoDB DEFAULT CHARSET=utf8mb4 COLLATE=utf8mb4_unicode_ci;

-- --------------------------------------------------------

--
-- Table structure for table `cities`
--

CREATE TABLE `cities` (
  `city_id` int(10) UNSIGNED NOT NULL,
  `province_id` int(10) UNSIGNED NOT NULL,
  `nama_cities` varchar(255) NOT NULL,
  `created_at` timestamp NULL DEFAULT NULL,
  `updated_at` timestamp NULL DEFAULT NULL
) ENGINE=InnoDB DEFAULT CHARSET=utf8mb4 COLLATE=utf8mb4_unicode_ci;

--
-- Dumping data for table `cities`
--

INSERT INTO `cities` (`city_id`, `province_id`, `nama_cities`, `created_at`, `updated_at`) VALUES
(1, 1, 'Aceh Barat Daya', NULL, NULL),
(2, 1, 'Aceh Barat', NULL, NULL),
(3, 15, 'Bangkalan', NULL, NULL),
(4, 15, 'Banyuwangi', NULL, NULL),
(5, 15, 'Bojonegoro', NULL, NULL),
(6, 15, 'Bondowoso', NULL, NULL),
(7, 15, 'Gresik', NULL, NULL),
(8, 15, 'Jember', NULL, NULL),
(9, 15, 'Jombang', NULL, NULL),
(10, 15, 'Kediri', NULL, NULL),
(11, 15, 'Lamongan', NULL, NULL),
(12, 15, 'Lumajang', NULL, NULL),
(13, 15, 'Nganjuk', NULL, NULL),
(14, 15, 'Ngawi', NULL, NULL),
(15, 15, 'Pacitan', NULL, NULL),
(16, 15, 'Pamekasan', NULL, NULL),
(17, 15, 'Ponorogo', NULL, NULL),
(18, 15, 'Probolinggo', NULL, NULL),
(19, 15, 'Sampang', NULL, NULL),
(20, 15, 'Sidoarjo', NULL, NULL),
(21, 15, 'Situbondo', NULL, NULL),
(22, 15, 'Sumenep', NULL, NULL),
(23, 15, 'Trenggalek', NULL, NULL),
(24, 15, 'Tuban', NULL, NULL),
(25, 15, 'Tulungagung', NULL, NULL),
(26, 1, 'Aceh Besar', NULL, NULL),
(27, 1, 'Aceh Jaya', NULL, NULL),
(28, 1, 'Aceh Selatan', NULL, NULL),
(29, 1, 'Aceh Singkil', NULL, NULL),
(30, 1, 'Aceh Tamlang', NULL, NULL),
(31, 1, 'Aceh Tengah', NULL, NULL),
(32, 1, 'Aceh Tenggara', NULL, NULL),
(33, 1, 'Aceh Timur', NULL, NULL),
(34, 1, 'Banda Aceh', NULL, NULL),
(35, 1, 'Langsa', NULL, NULL),
(36, 1, 'Lhokseumawe', NULL, NULL),
(37, 1, 'Sabang', NULL, NULL),
(38, 5, 'Sungai Penuh', NULL, NULL),
(39, 6, 'Lubuklinggau', NULL, NULL),
(40, 7, 'Bengkulu', NULL, NULL),
(41, 8, 'Bandar Lampung', NULL, NULL),
(42, 9, 'Pangkal Pinang', NULL, NULL),
(43, 10, 'Batam', NULL, NULL),
(44, 11, 'Jakarta Utara', NULL, NULL),
(45, 11, 'Jakarta Timur', NULL, NULL),
(46, 11, 'Jakarta Selatan', NULL, NULL),
(47, 11, 'Jakarta Pusat', NULL, NULL),
(48, 11, 'Jakarta Barat', NULL, NULL),
(49, 12, 'Bandung', NULL, NULL),
(50, 13, 'Magelang', NULL, NULL),
(51, 14, 'Yogyakarta', NULL, NULL),
(52, 15, 'Batu', NULL, NULL),
(53, 16, 'Cilegon', NULL, NULL),
(54, 16, 'Serang', NULL, NULL),
(55, 16, 'Tangerang Selatan', NULL, NULL),
(56, 16, 'Tangerang', NULL, NULL),
(57, 17, 'Denpasar', NULL, NULL),
(58, 18, 'Bima', NULL, NULL),
(59, 19, 'Kupang', NULL, NULL),
(60, 17, 'Badung', NULL, NULL),
(61, 17, 'Bangli', NULL, NULL),
(62, 17, 'Buleleng', NULL, NULL),
(63, 17, 'Gianyar', NULL, NULL),
(64, 17, 'Jembrana', NULL, NULL),
(65, 17, 'Karangasem', NULL, NULL),
(66, 17, 'Klungkung', NULL, NULL),
(67, 20, 'Pontianak', NULL, NULL),
(68, 21, 'Palangkaraya', NULL, NULL),
(69, 22, 'Banjarbaru', NULL, NULL),
(70, 23, 'Balikpapan', NULL, NULL),
(71, 24, 'Tarakan', NULL, NULL),
(72, 17, 'Tabanan', NULL, NULL),
(73, 18, 'Dompu', NULL, NULL),
(74, 18, 'Lombok Barat', NULL, NULL),
(75, 18, 'Lombok Tengah', NULL, NULL),
(76, 18, 'Lombok Timur', NULL, NULL),
(77, 25, 'Bitung', NULL, NULL),
(78, 26, 'Palu', NULL, NULL),
(79, 27, 'Makassar', NULL, NULL),
(80, 28, 'Baubau', NULL, NULL),
(81, 29, 'Gorontalo', NULL, NULL),
(82, 18, 'Lombok Utara', NULL, NULL),
(83, 31, 'Ambon', NULL, NULL),
(84, 32, 'Ternate', NULL, NULL),
(85, 33, 'Jayapura', NULL, NULL),
(86, 34, 'Sorong', NULL, NULL),
(102, 2, 'Binjai', NULL, NULL),
(103, 3, 'Bukittinggi', NULL, NULL),
(104, 4, 'Dumai', NULL, NULL),
(105, 1, 'Subulussalam', NULL, NULL),
(106, 6, 'Pagar Alam', NULL, NULL),
(108, 8, 'Metro', NULL, NULL),
(112, 2, 'Gunungsitoli', NULL, NULL),
(113, 3, 'Padang', NULL, NULL),
(114, 4, 'Pekanbaru', NULL, NULL),
(115, 5, 'Jambi', NULL, NULL),
(116, 6, 'Palembang', NULL, NULL),
(122, 2, 'Medan', NULL, NULL),
(123, 3, 'Padang Panjang', NULL, NULL),
(126, 6, 'Prabumulih', NULL, NULL),
(132, 2, 'Padang Sidempuan', NULL, NULL),
(133, 3, 'Pariaman', NULL, NULL),
(136, 6, 'Sekayu', NULL, NULL),
(142, 2, 'Pematangsiantar', NULL, NULL),
(143, 3, 'Sawahlunto', NULL, NULL),
(152, 2, 'Sibolga', NULL, NULL),
(153, 3, 'Solok', NULL, NULL),
(162, 2, 'Tanjungbalai', NULL, NULL),
(172, 2, 'Tebing Tinggi', NULL, NULL),
(201, 10, 'Tanjungpinang', NULL, NULL),
(302, 12, 'Bekasi', NULL, NULL),
(303, 13, 'Pekalongan', NULL, NULL),
(305, 15, 'Blitar', NULL, NULL),
(312, 12, 'Bogor', NULL, NULL),
(313, 13, 'Salatiga', NULL, NULL),
(315, 15, 'Kediri', NULL, NULL),
(322, 12, 'Cimahi', NULL, NULL),
(323, 13, 'Semarang', NULL, NULL),
(325, 15, 'Madiun', NULL, NULL),
(332, 12, 'Cirebon', NULL, NULL),
(333, 13, 'Surakarta', NULL, NULL),
(342, 12, 'Depok', NULL, NULL),
(343, 13, 'Tegal', NULL, NULL),
(345, 15, 'Mojokerto', NULL, NULL),
(352, 12, 'Sukabumi', NULL, NULL),
(355, 15, 'Pasuruan', NULL, NULL),
(362, 12, 'Tasikmalaya', NULL, NULL),
(365, 15, 'Probolinggo', NULL, NULL),
(372, 12, 'Banjar', NULL, NULL),
(375, 15, 'Surabaya', NULL, NULL),
(385, 15, 'Magetan', NULL, NULL),
(395, 15, 'Malang', NULL, NULL),
(502, 18, 'Mataram', NULL, NULL),
(601, 20, 'Singkawang', NULL, NULL),
(603, 22, 'Banjarmasin', NULL, NULL),
(604, 23, 'Bontang', NULL, NULL),
(614, 23, 'Samarinda', NULL, NULL),
(701, 25, 'Kotamobagu', NULL, NULL),
(703, 27, 'Palopo', NULL, NULL),
(704, 28, 'Kendari', NULL, NULL),
(711, 25, 'Manado', NULL, NULL),
(713, 27, 'Parepare', NULL, NULL),
(721, 25, 'Tomohon', NULL, NULL),
(801, 31, 'Tual', NULL, NULL),
(802, 32, 'Tidoro Kepulauan', NULL, NULL);

-- --------------------------------------------------------

--
-- Table structure for table `couriers`
--

CREATE TABLE `couriers` (
  `id` int(10) UNSIGNED NOT NULL,
  `code` varchar(255) NOT NULL,
  `nama_couriers` varchar(255) NOT NULL,
  `created_at` timestamp NULL DEFAULT NULL,
  `updated_at` timestamp NULL DEFAULT NULL
) ENGINE=InnoDB DEFAULT CHARSET=utf8mb4 COLLATE=utf8mb4_unicode_ci;

--
-- Dumping data for table `couriers`
--

INSERT INTO `couriers` (`id`, `code`, `nama_couriers`, `created_at`, `updated_at`) VALUES
(1, 'jne', 'JNE', NULL, NULL),
(2, 'pos', 'POS', NULL, NULL),
(3, 'tiki', 'TIKI', NULL, NULL);

-- --------------------------------------------------------

--
-- Table structure for table `detail_order`
--

CREATE TABLE `detail_order` (
  `id` bigint(20) UNSIGNED NOT NULL,
  `order_id` bigint(20) UNSIGNED NOT NULL,
  `product_id` bigint(20) UNSIGNED NOT NULL,
  `qty` int(11) NOT NULL,
  `created_at` timestamp NULL DEFAULT NULL,
  `updated_at` timestamp NULL DEFAULT NULL
) ENGINE=InnoDB DEFAULT CHARSET=utf8mb4 COLLATE=utf8mb4_unicode_ci;

--
-- Dumping data for table `detail_order`
--

INSERT INTO `detail_order` (`id`, `order_id`, `product_id`, `qty`, `created_at`, `updated_at`) VALUES
(1, 1, 12, 1, '2020-12-18 13:27:06', '2020-12-18 13:27:06'),
(2, 2, 3, 2, '2020-12-18 13:31:11', '2020-12-18 13:31:11'),
(3, 3, 10, 1, '2020-12-18 19:08:52', '2020-12-18 19:08:52'),
(4, 4, 12, 1, '2020-12-19 00:50:11', '2020-12-19 00:50:11'),
(5, 5, 4, 1, '2020-12-19 01:06:52', '2020-12-19 01:06:52'),
(6, 6, 2, 1, '2020-12-19 09:46:10', '2020-12-19 09:46:10'),
(7, 6, 12, 1, '2020-12-19 09:46:10', '2020-12-19 09:46:10'),
(8, 7, 5, 2, '2020-12-19 21:21:39', '2020-12-19 21:21:39'),
(9, 8, 10, 1, '2020-12-20 04:59:42', '2020-12-20 04:59:42'),
(10, 8, 8, 2, '2020-12-20 04:59:42', '2020-12-20 04:59:42'),
(11, 9, 10, 2, '2020-12-20 05:26:17', '2020-12-20 05:26:17'),
(12, 10, 3, 1, '2020-12-20 09:39:37', '2020-12-20 09:39:37'),
(13, 11, 3, 1, '2022-06-05 16:48:07', '2022-06-05 16:48:07'),
(14, 12, 12, 1, '2022-06-05 17:00:06', '2022-06-05 17:00:06'),
(15, 13, 1, 1, '2022-06-05 19:25:29', '2022-06-05 19:25:29'),
(16, 14, 3, 1, '2022-06-05 19:44:01', '2022-06-05 19:44:01'),
(17, 15, 2, 2, '2022-06-26 10:54:12', '2022-06-26 10:54:12'),
(18, 16, 12, 1, '2022-06-28 15:07:04', '2022-06-28 15:07:04'),
(19, 16, 1, 8, '2022-06-28 15:07:04', '2022-06-28 15:07:04'),
(20, 17, 8, 1, '2022-06-28 18:50:25', '2022-06-28 18:50:25'),
(21, 18, 10, 2, '2022-06-30 04:55:58', '2022-06-30 04:55:58'),
(22, 19, 9, 4, '2022-07-02 06:52:05', '2022-07-02 06:52:05'),
(23, 20, 9, 5, '2022-07-02 07:08:07', '2022-07-02 07:08:07'),
(24, 21, 9, 2, '2022-07-02 07:15:17', '2022-07-02 07:15:17'),
(25, 22, 1, 1, '2022-07-02 07:50:59', '2022-07-02 07:50:59'),
(26, 23, 6, 1, '2022-07-02 08:13:58', '2022-07-02 08:13:58'),
(27, 24, 3, 1, '2022-07-02 09:27:22', '2022-07-02 09:27:22'),
(28, 25, 3, 1, '2022-07-02 10:22:07', '2022-07-02 10:22:07'),
(29, 26, 2, 1, '2022-07-02 10:39:01', '2022-07-02 10:39:01'),
(30, 27, 2, 1, '2022-07-02 10:46:08', '2022-07-02 10:46:08'),
(31, 28, 6, 1, '2022-07-02 10:54:27', '2022-07-02 10:54:27'),
(32, 29, 7, 1, '2022-07-02 11:34:24', '2022-07-02 11:34:24'),
(33, 30, 4, 1, '2022-07-02 11:45:43', '2022-07-02 11:45:43'),
(34, 31, 5, 1, '2022-07-02 11:46:41', '2022-07-02 11:46:41'),
(35, 32, 8, 1, '2022-07-02 11:56:46', '2022-07-02 11:56:46'),
(36, 33, 7, 1, '2022-07-02 12:30:26', '2022-07-02 12:30:26'),
(37, 34, 11, 1, '2022-07-02 12:32:06', '2022-07-02 12:32:06'),
(38, 35, 1, 1, '2022-07-02 12:45:42', '2022-07-02 12:45:42'),
(39, 36, 1, 1, '2022-07-02 18:52:16', '2022-07-02 18:52:16'),
(40, 37, 3, 1, '2022-07-02 20:14:18', '2022-07-02 20:14:18'),
(41, 38, 12, 4, '2022-07-15 09:47:30', '2022-07-15 09:47:30'),
(42, 38, 4, 3, '2022-07-15 09:47:30', '2022-07-15 09:47:30'),
(43, 39, 4, 3, '2022-07-15 10:32:08', '2022-07-15 10:32:08'),
(44, 39, 12, 5, '2022-07-15 10:32:08', '2022-07-15 10:32:08'),
(45, 40, 4, 2, '2022-07-15 21:03:28', '2022-07-15 21:03:28'),
(46, 41, 4, 1, '2022-07-15 22:48:52', '2022-07-15 22:48:52'),
(47, 42, 2, 1, '2022-07-17 01:57:23', '2022-07-17 01:57:23'),
(48, 43, 3, 1, '2022-07-17 18:02:35', '2022-07-17 18:02:35'),
(49, 44, 1, 1, '2022-07-31 23:48:51', '2022-07-31 23:48:51'),
(50, 45, 2, 1, '2022-08-01 00:36:37', '2022-08-01 00:36:37'),
(51, 46, 3, 1, '2022-08-04 01:17:38', '2022-08-04 01:17:38'),
(52, 47, 2, 1, '2022-08-05 15:24:28', '2022-08-05 15:24:28'),
(53, 48, 1, 4, '2022-08-05 15:40:51', '2022-08-05 15:40:51'),
(54, 48, 27, 1, '2022-08-05 15:40:51', '2022-08-05 15:40:51'),
(55, 49, 1, 1, '2022-08-05 15:57:10', '2022-08-05 15:57:10'),
(56, 50, 1, 1, '2022-08-05 16:03:45', '2022-08-05 16:03:45'),
(57, 51, 10, 1, '2022-08-06 13:07:16', '2022-08-06 13:07:16'),
(58, 52, 2, 1, '2022-08-06 13:19:17', '2022-08-06 13:19:17'),
(59, 53, 14, 1, '2022-08-06 13:26:38', '2022-08-06 13:26:38'),
(60, 54, 10, 1, '2022-08-06 13:27:44', '2022-08-06 13:27:44'),
(61, 55, 1, 1, '2022-08-06 15:14:01', '2022-08-06 15:14:01'),
(62, 56, 1, 1, '2022-08-06 15:15:02', '2022-08-06 15:15:02'),
(63, 57, 1, 1, '2022-08-06 15:46:29', '2022-08-06 15:46:29'),
(64, 58, 1, 1, '2022-08-06 16:11:34', '2022-08-06 16:11:34'),
(65, 59, 1, 1, '2022-08-06 16:14:23', '2022-08-06 16:14:23'),
(66, 60, 1, 1, '2022-08-06 16:19:58', '2022-08-06 16:19:58'),
(67, 61, 2, 1, '2022-08-06 16:20:34', '2022-08-06 16:20:34'),
(68, 62, 1, 1, '2022-08-06 16:35:09', '2022-08-06 16:35:09'),
(69, 63, 2, 1, '2022-08-06 16:56:12', '2022-08-06 16:56:12'),
(70, 64, 6, 1, '2022-08-07 01:39:13', '2022-08-07 01:39:13'),
(71, 65, 1, 1, '2022-08-07 01:44:42', '2022-08-07 01:44:42'),
(72, 66, 6, 1, '2022-08-07 02:16:14', '2022-08-07 02:16:14'),
(73, 67, 3, 2, '2022-08-08 13:41:02', '2022-08-08 13:41:02'),
(74, 68, 2, 1, '2022-08-09 13:54:29', '2022-08-09 13:54:29'),
(75, 69, 2, 1, '2022-08-09 14:08:03', '2022-08-09 14:08:03'),
(76, 70, 2, 1, '2022-08-09 14:14:54', '2022-08-09 14:14:54'),
(77, 71, 2, 1, '2022-08-09 14:24:12', '2022-08-09 14:24:12'),
(78, 72, 2, 1, '2022-08-09 14:35:09', '2022-08-09 14:35:09'),
(79, 73, 2, 1, '2022-08-09 14:38:39', '2022-08-09 14:38:39'),
(80, 74, 2, 1, '2022-08-09 14:39:04', '2022-08-09 14:39:04'),
(81, 75, 2, 1, '2022-08-09 14:41:54', '2022-08-09 14:41:54'),
(82, 76, 8, 1, '2022-08-12 16:34:44', '2022-08-12 16:34:44'),
(83, 77, 9, 1, '2022-08-13 02:24:51', '2022-08-13 02:24:51'),
(84, 77, 16, 1, '2022-08-13 02:24:51', '2022-08-13 02:24:51'),
(85, 78, 40, 2, '2022-08-13 03:48:59', '2022-08-13 03:48:59'),
(86, 78, 7, 1, '2022-08-13 03:48:59', '2022-08-13 03:48:59'),
(87, 79, 5, 1, '2022-08-13 03:59:50', '2022-08-13 03:59:50'),
(88, 80, 6, 1, '2022-08-13 04:48:18', '2022-08-13 04:48:18'),
(89, 81, 11, 1, '2022-08-13 06:03:48', '2022-08-13 06:03:48'),
(90, 81, 6, 1, '2022-08-13 06:03:48', '2022-08-13 06:03:48'),
(93, 84, 7, 2, '2022-08-15 09:31:44', '2022-08-15 09:31:44'),
(94, 85, 5, 1, '2022-08-15 09:34:46', '2022-08-15 09:34:46'),
(95, 86, 43, 2, '2022-08-15 09:45:36', '2022-08-15 09:45:36'),
(96, 87, 4, 1, '2022-08-15 09:47:59', '2022-08-15 09:47:59'),
(97, 88, 5, 1, '2022-12-22 14:18:16', '2022-12-22 14:18:16'),
(98, 89, 33, 1, '2022-12-23 14:26:36', '2022-12-23 14:26:36'),
(99, 90, 28, 1, '2023-01-15 15:05:01', '2023-01-15 15:05:01'),
(100, 91, 5, 1, '2023-01-23 07:20:38', '2023-01-23 07:20:38'),
(101, 92, 21, 1, '2023-01-23 07:38:28', '2023-01-23 07:38:28'),
(102, 93, 23, 1, '2023-01-23 08:41:31', '2023-01-23 08:41:31'),
(103, 94, 5, 1, '2023-01-23 10:17:04', '2023-01-23 10:17:04'),
(104, 95, 32, 1, '2023-01-23 10:45:14', '2023-01-23 10:45:14');

-- --------------------------------------------------------

--
-- Table structure for table `failed_jobs`
--

CREATE TABLE `failed_jobs` (
  `id` int(10) UNSIGNED NOT NULL,
  `connection` text NOT NULL,
  `queue` text NOT NULL,
  `payload` longtext NOT NULL,
  `exception` longtext NOT NULL,
  `failed_at` timestamp NOT NULL DEFAULT current_timestamp()
) ENGINE=InnoDB DEFAULT CHARSET=utf8mb4 COLLATE=utf8mb4_unicode_ci;

-- --------------------------------------------------------

--
-- Table structure for table `keranjang`
--

CREATE TABLE `keranjang` (
  `id` int(10) UNSIGNED NOT NULL,
  `user_id` int(10) UNSIGNED NOT NULL,
  `products_id` int(10) UNSIGNED NOT NULL,
  `qty` int(11) NOT NULL,
  `created_at` timestamp NULL DEFAULT NULL,
  `updated_at` timestamp NULL DEFAULT NULL
) ENGINE=InnoDB DEFAULT CHARSET=utf8mb4 COLLATE=utf8mb4_unicode_ci;

--
-- Dumping data for table `keranjang`
--

INSERT INTO `keranjang` (`id`, `user_id`, `products_id`, `qty`, `created_at`, `updated_at`) VALUES
(1, 5, 7, 1, '2022-07-08 08:48:31', '2022-07-08 08:48:31'),
(3, 10, 2, 1, '2022-08-01 00:24:34', '2022-08-01 00:24:34'),
(43, 12, 1, 1, '2022-08-09 15:02:11', '2022-08-09 15:02:11'),
(68, 22, 1, 1, '2023-08-08 09:26:51', '2023-08-08 09:26:51'),
(70, 22, 6, 2, '2023-08-08 09:51:56', '2023-08-08 09:54:20');

-- --------------------------------------------------------

--
-- Table structure for table `migrations`
--

CREATE TABLE `migrations` (
  `id` int(10) UNSIGNED NOT NULL,
  `migration` varchar(255) NOT NULL,
  `batch` int(11) NOT NULL
) ENGINE=InnoDB DEFAULT CHARSET=utf8mb4 COLLATE=utf8mb4_unicode_ci;

--
-- Dumping data for table `migrations`
--

INSERT INTO `migrations` (`id`, `migration`, `batch`) VALUES
(1, '2014_10_12_100000_create_password_resets_table', 1),
(2, '2019_08_19_000000_create_failed_jobs_table', 1),
(3, '2022_05_17_225843_create_provinces_table', 1),
(4, '2022_05_17_231243_create_cities_table', 1),
(5, '2022_05_17_231410_create_alamat_toko_table', 1),
(6, '2022_05_17_231811_create_keranjang_table', 1),
(7, '2022_05_17_232123_create_rekening_table', 1),
(8, '2022_05_17_232319_create_status_order_table', 1),
(9, '2022_05_17_232419_create_detail_order', 1),
(10, '2022_05_17_232503_create_order_table', 2),
(11, '2022_05_17_232614_create_alamat_tables', 3),
(12, '2022_05_17_232704_create_products_tables', 3),
(13, '2022_05_17_232818_create_categories_tables', 3),
(14, '2022_05_17_232918_create_couriers_table', 3),
(15, '2022_05_19_144518_add_pesan_to_order', 3),
(16, '2022_05_19_145455_add_bukti_telepon_to_order', 3),
(17, '2022_05_19_145714_add_keterangan_to_order', 3),
(18, '2022_05_19_145841_add_biaya_cod_to_order', 3),
(19, '2022_05_19_145950_add_stok_to_product', 3),
(20, '2022_05_21_150210_location_cek_ongkir', 3),
(21, '2022_06_18_000336_create_testimony_customers_table', 4),
(22, '2022_06_18_040013_create_posts_table', 5),
(23, '2022_07_07_041324_create_users_table', 5),
(24, '2022_07_07_041749_modif_table_users', 5),
(29, '2022_07_15_231913_create_review_table', 6),
(31, '2022_07_18_021418_create_response_review_table', 7),
(32, '2022_07_18_222253_add_pengrajin_column_products_table', 8);

-- --------------------------------------------------------

--
-- Table structure for table `order`
--

CREATE TABLE `order` (
  `id` bigint(20) UNSIGNED NOT NULL,
  `invoice` varchar(255) NOT NULL,
  `user_id` bigint(20) UNSIGNED NOT NULL,
  `subtotal` int(11) NOT NULL,
  `no_resi` varchar(255) DEFAULT NULL,
  `status_order_id` bigint(20) UNSIGNED NOT NULL,
  `metode_pembayaran` varchar(255) NOT NULL,
  `ongkir` int(11) NOT NULL,
  `created_at` timestamp NULL DEFAULT NULL,
  `updated_at` timestamp NULL DEFAULT NULL,
  `biaya_cod` int(11) NOT NULL,
  `no_hp` varchar(255) NOT NULL,
  `bukti_pembayaran` varchar(255) DEFAULT NULL,
  `pesan` text DEFAULT NULL
) ENGINE=InnoDB DEFAULT CHARSET=utf8mb4 COLLATE=utf8mb4_unicode_ci;

--
-- Dumping data for table `order`
--

INSERT INTO `order` (`id`, `invoice`, `user_id`, `subtotal`, `no_resi`, `status_order_id`, `metode_pembayaran`, `ongkir`, `created_at`, `updated_at`, `biaya_cod`, `no_hp`, `bukti_pembayaran`, `pesan`) VALUES
(70, 'ALV202208090914', 12, 177000, NULL, 7, 'trf', 7000, '2022-08-09 14:14:54', '2022-08-09 14:21:19', 0, 'ds', NULL, NULL),
(71, 'ALV202208090924', 12, 177000, NULL, 7, 'trf', 7000, '2022-08-09 14:24:12', '2022-08-09 14:24:19', 0, 'sd', NULL, NULL),
(72, 'ALV202208090935', 12, 177000, NULL, 7, 'trf', 7000, '2022-08-09 14:35:09', '2022-08-09 14:35:17', 0, 's', NULL, NULL),
(73, 'ALV202208090938', 12, 177000, NULL, 7, 'trf', 7000, '2022-08-09 14:38:39', '2022-08-09 14:38:45', 0, '23423423432', NULL, NULL),
(74, 'ALV202208090939', 12, 177000, NULL, 7, 'trf', 7000, '2022-08-09 14:39:04', '2022-08-09 14:41:00', 0, '3', NULL, NULL),
(75, 'ALV202208090941', 12, 177000, NULL, 7, 'trf', 7000, '2022-08-09 14:41:54', '2022-08-09 14:42:01', 0, 's', NULL, NULL),
(76, 'ALV202208121134', 9, 223000, 'B234859294', 6, 'trf', 63000, '2022-08-12 16:34:44', '2022-08-12 17:44:39', 0, '087657654378996', 'buktibayar/DKOtpWYhlNrnaIxznLpfntP4DKQTTlbnd9oIxRIi.png', NULL),
(77, 'ALV202208130924', 17, 423000, 'F2348596', 6, 'trf', 63000, '2022-08-13 02:24:50', '2022-08-13 02:43:48', 0, '0864578934', 'buktibayar/FH305ricR6pDaqWTWUmFvPETV3gB7H8z4yr0ZTxS.png', NULL),
(78, 'ALV202208131045', 11, 676000, 'G256789', 6, 'trf', 126000, '2022-08-13 03:48:59', '2022-08-13 04:39:01', 0, '084366790', 'buktibayar/HgIsStbIVA4gqIRNv4b1aRxD9dWPwFD8Qxj4RfQQ.png', 'Warna cerah dan perpaduan'),
(79, 'ALV202208131059', 11, 223000, NULL, 7, 'trf', 63000, '2022-08-13 03:59:49', '2022-08-13 04:00:07', 0, '0864578934', NULL, NULL),
(80, 'ALV202208131148', 11, 223000, NULL, 7, 'trf', 63000, '2022-08-13 04:48:18', '2022-08-13 04:49:02', 0, '0853657899', NULL, NULL),
(81, 'ALV202208130102', 19, 383000, 'S097569', 6, 'trf', 63000, '2022-08-13 06:03:47', '2022-08-13 06:37:33', 0, '08389925689', 'buktibayar/hzmWnab7kgQwFn5NasamcVPCiiYQVwb4CgDAJnYa.jpg', NULL),
(84, 'ALV202208150430', 9, 463000, NULL, 7, 'trf', 63000, '2022-08-15 09:31:43', '2022-08-15 09:33:04', 0, '0853657899', NULL, NULL),
(85, 'ALV202208150434', 9, 223000, NULL, 7, 'trf', 63000, '2022-08-15 09:34:46', '2023-01-15 15:03:03', 0, '0853657899', NULL, NULL),
(86, 'ALV202208150445', 19, 383000, NULL, 7, 'trf', 63000, '2022-08-15 09:45:36', '2022-08-15 09:46:38', 0, '0864578934', NULL, NULL),
(87, 'ALV202208150447', 19, 223000, 'A234568', 6, 'trf', 63000, '2022-08-15 09:47:57', '2022-08-15 10:06:51', 0, '0864578934', 'buktibayar/Dcqm1l6RhgX6Yn3NTcXbETxRH4RkM3bbMWJkPBCs.png', NULL),
(88, 'ALV202212220917', 20, 223000, NULL, 7, 'trf', 63000, '2022-12-22 14:18:15', '2022-12-23 14:11:15', 0, '0824467156', NULL, 'Warna Biru'),
(89, 'ALV202212230926', 20, 223000, NULL, 7, 'trf', 63000, '2022-12-23 14:26:36', '2023-01-23 07:13:53', 0, '08234562356', NULL, 'Bungkus rapi'),
(90, 'ALV202301151004', 9, 223000, NULL, 7, 'trf', 63000, '2023-01-15 15:05:01', '2023-01-15 15:05:01', 0, '08644661334', NULL, 'ditaruh dipagar'),
(91, 'ALV202301230214', 20, 193000, NULL, 3, 'trf', 33000, '2023-01-23 07:20:37', '2023-01-23 08:05:33', 0, '08234562356', 'buktibayar/hnD6dhKGd4cpnAJQRZxroTtdTUD7vEBzjt1mFMeS.png', 'Warna Merah'),
(92, 'ALV202301230237', 20, 193000, NULL, 3, 'trf', 33000, '2023-01-23 07:38:28', '2023-01-23 10:23:00', 0, '08234562356', 'buktibayar/X4vymRQCnZYmDmXdC5qEmkkjqIxLad6KWH6M9tU3.png', NULL),
(93, 'ALV202301230341', 9, 213000, NULL, 3, 'trf', 53000, '2023-01-23 08:41:31', '2023-01-23 08:44:37', 0, '08234562356', 'buktibayar/23u07SwhT2vxLQRebvEVtDxaWVTawqy4Bxx42zeB.png', NULL),
(94, 'ALV202301230516', 9, 213000, NULL, 1, 'trf', 53000, '2023-01-23 10:17:02', '2023-01-23 10:17:02', 0, '08644661334', NULL, NULL),
(95, 'ALV202301230545', 20, 193000, 'xa124567', 6, 'trf', 33000, '2023-01-23 10:45:13', '2023-01-23 11:03:02', 0, '08976543456', 'buktibayar/ena5WTtVCpyqyJGfcdHtJJ50vDiQQ3DO5jH7rD9s.png', NULL);

-- --------------------------------------------------------

--
-- Table structure for table `password_resets`
--

CREATE TABLE `password_resets` (
  `email` varchar(255) NOT NULL,
  `token` varchar(255) NOT NULL,
  `created_at` timestamp NULL DEFAULT NULL
) ENGINE=InnoDB DEFAULT CHARSET=utf8mb4 COLLATE=utf8mb4_unicode_ci;

-- --------------------------------------------------------

--
-- Table structure for table `posts`
--

CREATE TABLE `posts` (
  `id` int(10) UNSIGNED NOT NULL,
  `customer_id` int(10) UNSIGNED NOT NULL,
  `subject` varchar(255) NOT NULL,
  `image` varchar(255) NOT NULL,
  `star` int(11) NOT NULL,
  `created_at` timestamp NULL DEFAULT NULL,
  `updated_at` timestamp NULL DEFAULT NULL
) ENGINE=InnoDB DEFAULT CHARSET=utf8mb4 COLLATE=utf8mb4_unicode_ci;

-- --------------------------------------------------------

--
-- Table structure for table `products`
--

CREATE TABLE `products` (
  `id` bigint(20) UNSIGNED NOT NULL,
  `name` varchar(60) NOT NULL,
  `description` text NOT NULL,
  `image` text NOT NULL,
  `price` varchar(15) NOT NULL,
  `weigth` int(11) NOT NULL,
  `categories_id` bigint(20) UNSIGNED NOT NULL,
  `created_at` timestamp NULL DEFAULT NULL,
  `updated_at` timestamp NULL DEFAULT NULL,
  `stok` int(11) NOT NULL,
  `pengrajin_id` bigint(20) UNSIGNED DEFAULT NULL
) ENGINE=InnoDB DEFAULT CHARSET=utf8mb4 COLLATE=utf8mb4_unicode_ci;

--
-- Dumping data for table `products`
--

INSERT INTO `products` (`id`, `name`, `description`, `image`, `price`, `weigth`, `categories_id`, `created_at`, `updated_at`, `stok`, `pengrajin_id`) VALUES
(1, 'Peci dua warna', 'Peci dewasa dengan detail motif yang berbeda di bagian atas dan bawah', 'peci2warna.jpg', '55000', 500, 2, '2022-03-03 04:03:05', '2022-03-03 04:04:00', 5, 14),
(2, 'Keranjang buah kecil', 'Keranjang buah dengan ukuran kecil, dengan model anyaman melengkung yang elegan ', 'keranjangbuahkecil.jpg', '35000', 500, 5, '2022-03-03 04:03:05', '2022-03-03 04:04:00', 5, 14),
(3, 'Keranjang buah sedang  dengan tali', 'Keranjang buah dengan ukuran sedang, dengan motif anyaman yang rapat dan dilengkapi dengan tali.', 'keranjangsedangtali.jpg', '60000', 500, 5, '2022-03-03 04:03:05', '2022-03-03 04:04:00', 5, 14),
(4, 'Kotak Hantaran Persegi Polos', 'Kotak Hantaran Persegi Polos', 'hantaranpolos.jpg', '45000', 500, 3, '2022-03-03 04:03:05', '2022-03-03 04:04:00', 9, 14),
(5, 'Keranjang Buah Sedang dengan Tutup', 'Keranjang Buah Sedang dengan Tutup', 'keranjangtutup.jpg', '70000', 500, 5, '2022-03-03 04:03:05', '2022-03-03 04:04:00', 7, 14),
(6, 'Kotak Tisu Motif Bintang', 'Kotak Tisu Motif Bintang', 'kotaktisu.jpg', '40000', 500, 4, '2022-03-03 04:03:05', '2022-03-03 04:04:00', 8, 3),
(7, 'Peci Polos', 'Peci Polos', 'pecipolos.jpg', '30000', 500, 2, '2022-03-03 04:03:05', '2022-03-03 04:04:00', 10, 3),
(8, 'Peci Anyaman Bambu Jarang', 'Peci Anyaman Bambu Jarang', 'pecibambujarang.jpg', '30000', 500, 2, '2022-03-03 04:03:05', '2022-08-01 00:43:26', 2, 3),
(9, 'Keranjang Buah Tinggi', 'Keranjang buah tinggi dengan ttutup dan tali', 'keranjangtinggi.jpg', '100000', 500, 5, '2022-03-03 04:03:05', '2022-03-03 04:04:00', 10, 3),
(10, 'Batik Motif Kembang Krokot', 'Motif Terbaru Kembang Krokot\r\n            Ready stok\r\n            Ukuran 2,15 x 1,10\r\n            Harga 150rb', 'imageproduct/batik_kembangkrokot.png', '160000', 500, 5, '2022-03-03 04:03:05', '2022-03-03 04:04:00', 5, 14),
(11, 'Batik Motif Cahaya Pelangi', 'Motif cahaya pelangi\r\n            Primisima\r\n            Ukuran 2,15 x 1,10\r\n            Harga 160rb', 'imageproduct/cahaya_pelangi.png', '160000', 500, 1, '2022-03-03 04:03:05', '2022-03-03 04:04:00', 4, 8),
(12, 'Batik MOtif Ciprat Anyam', 'Motif ciprat anyam\r\n            Ukuran 2,15 x 1,10\r\n            Kain Primisima\r\n            Ready stok', 'imageproduct/ciprat_anyaman.png', '160000', 500, 2, '2022-03-04 04:04:05', '2022-03-05 05:02:00', 14, 8),
(14, 'Batik Ciprat Motif Balok', 'Motif ciprat balok\r\n            Primisima\r\n            Ukuran 2,15 x 1,10\r\n            Ready stok\r\n            Bisa reques warna', 'imageproduct/ciprat_balok.png', '160000', 500, 6, '2022-03-03 04:03:05', '2022-03-03 04:04:00', 5, 14),
(16, 'Batik Ciprat Rumput', 'Motif ciprat Rumput\r\n            Ukuran 2,15 x 1,10\r\n            Ready stok\r\n            150rb\r\n            Bisa reques warna', 'imageproduct/ciprat_rumput.png', '160000', 500, 1, '2022-03-03 04:03:05', '2022-03-03 04:04:00', 8, 8),
(17, 'Batik Ciprat Motif Tumpal Jumput', 'Motif Tumpal jumput berbagai warna ready \r\n            140rb\r\n            Bisa reques warna', 'imageproduct/tumpal_jumput.png', '140000', 500, 6, '2022-03-03 04:03:05', '2022-03-03 04:04:00', 5, 8),
(18, 'Batik Ciprat Motif Pelangi Tetes', 'Motif Pelangi Tetes berbagai warna ready stok\r\n            Bisa reques warna', 'imageproduct/pelangi_tetes.png', '160000', 500, 2, '2022-03-03 04:03:05', '2022-03-03 04:04:00', 20, 8),
(19, 'Batik Ciprat Motif Layangan', 'Motif Layangan\r\n            Ukuran 2,15 x 1,10\r\n            Primisima\r\n            Harga 160rb\r\n            Ready stok', 'imageproduct/motif_layangan.png', '160000', 500, 5, '2022-03-03 04:03:05', '2022-03-03 04:04:00', 15, 8),
(20, 'Batik Ciprat Motif Prapatan', 'Motif Prapatan\r\n            Harga 160rb\r\n            Ukuran 2,15 x 1,10\r\n            Warna bisa memilih\r\n            Ready stok kain primisima', 'imageproduct/motif_prapatan.png', '160000', 500, 6, '2022-03-03 04:03:05', '2022-03-03 04:04:00', 5, 8),
(21, 'Batik Ciprat Motif Rubik', 'Motif rubik\r\n            Ukuran 2,15 x 1,10\r\n            Primisima\r\n            Harga 160rb\r\n            Ready stok', 'imageproduct/motif_rubik.png', '160000', 500, 3, '2022-03-03 04:03:05', '2022-03-03 04:04:00', 7, 8),
(22, 'Batik Ciprat Motif Kotak', 'Motif kotak\r\n            Ready stok\r\n            Ukuran 2,15 x 1,10\r\n            Harga 160rb\r\n            Bisa reques warna', 'imageproduct/motif_kotak.png', '160000', 500, 3, '2022-03-03 04:03:05', '2022-03-03 04:04:00', 5, 8),
(23, 'Batik Ciprat Motif Bunga Matahari', 'Motif Bunga Matahari\r\n            Ready stok\r\n            Ukuran 2,15 x 1,10\r\n            Harga 150rb\r\n            Bisa reques warna', 'imageproduct/motif_bungamatahari.png', '160000', 500, 6, '2022-03-03 04:03:05', '2022-03-03 04:04:00', 20, 8),
(24, 'Batik Ciprat Motif Cendol Dawet', 'Motif Terbaru Cendol Dawet \r\n        Ready stok\r\n        Ukuran 2,15 x 1,10\r\n        Harga 150rb\r\n        Bisa reques warna', 'imageproduct/krokot.png', '160000', 500, 5, '2022-03-03 04:03:05', '2022-03-03 04:04:00', 15, 3),
(26, 'Batik Motif Kembang Krokot', 'Motif Terbaru Kembang Krokot\r\n        Ready stok\r\n        Ukuran 2,15 x 1,10\r\n        Harga 150rb', 'imageproduct/batik_kembangkrokot.png', '160000', 500, 5, '2022-03-03 04:03:05', '2022-03-03 04:04:00', 25, 3),
(27, 'Batik Motif Kembang Api', 'Motif KEMBANG API\r\nUkuran 2,15×1,10\r\nKatun primisima\r\n160rb', 'imageproduct/kembang_api.png', '160000', 500, 6, '2022-03-03 04:03:05', '2022-03-03 04:04:00', 5, 14),
(28, 'Batik Motif Ciprat Gasing', 'Motif ciprat gasing\r\nUkuran 2,15×1,10\r\nKain primisima\r\nHarga 160rb', 'imageproduct/gasing.png', '160000', 500, 6, '2022-03-03 04:03:05', '2022-03-03 04:04:00', 5, 8),
(29, 'Batik Ciprat Obat Nyamuk', 'bahan : primisima\r\nukuran: 2.15 x 1.10\r\npewarna: sintetis', 'imageproduct/gambar 2.jpg', '160000', 500, 3, '2022-03-03 03:03:05', '2022-03-03 03:04:00', 9, 3),
(30, 'Batik Ciprat Kecubung', 'bahan : primisima\r\nukuran: 2.15 x 1.10\r\npewarna: sintetis', 'imageproduct/gambar 1.jpg', '160000', 500, 5, '2022-03-03 03:03:05', '2022-03-03 03:04:00', 7, 3),
(31, 'Batik Ciprat Motif Bunga Tulip', 'Batik Ciprat motif bunga tulip\r\nBahan   : katun primisima\r\nUkuran :105cm x 220cm', 'imageproduct/gambar 7.png', '160000', 500, 5, '2022-03-03 03:03:05', '2022-03-03 03:04:00', 12, 3),
(32, 'Batik Ciprat Endhok Ceplok', 'Batik Ciprat motif bunga tulip\r\nBahan   : katun primisima\r\nUkuran :105cm x 220cm', 'imageproduct/Batik Ciprat Endhok Ceplok.jpeg', '160000', 500, 3, '2022-03-03 03:03:05', '2022-03-03 03:04:00', 11, 3),
(33, 'Batik Motif Ciprat Godong Randu', 'Batik Ciprat motif godong randu\r\nBahan   : katun primisima\r\nUkuran :105cm x 220cm', 'imageproduct/Batik Motif Ciprat Godong Randu.jpeg', '160000', 500, 4, '2022-03-03 03:03:05', '2022-03-03 03:04:00', 12, 3),
(34, 'Batik Ciprat Luhur', 'Batik Ciprat Langitan Motif luhur Ready Stok Dengan Harga 170000', 'imageproduct/zEucC2hZfiAvIquGth1W2lsQ2njEwCEFu0OE0ycq.jpg', '170000', 500, 2, '2022-08-01 00:41:41', '2022-08-01 00:41:41', 15, 3),
(35, 'Batik Motif Sisik Ikan', 'Batik Ciprat motif sisik ikan\r\nBahan   : katun primisima\r\nUkuran :105cm x 220cm', 'imageproduct/Batik Motif Sisik Ikan.jpeg', '160000', 500, 6, '2022-03-03 03:03:05', '2022-03-03 03:04:00', 10, 8),
(36, 'Batik Motif Saringgan', 'Batik Ciprat motif saringgan\r\nBahan   : katun primisima\r\nUkuran :105cm x 220cm', 'imageproduct/Batik Motif Saringgan.jpeg', '160000', 500, 5, '2022-03-03 03:03:05', '2022-03-03 03:04:00', 15, 3),
(37, 'Batik Motif Persegi', 'Batik Ciprat motif persegi\r\nBahan   : katun primisima\r\nUkuran :105cm x 220cm', 'imageproduct/Batik Motif Persegi.jpeg', '160000', 500, 2, '2022-03-03 03:03:05', '2022-03-03 03:04:00', 9, 8),
(38, 'Batik Motif Ondho', 'Batik Ciprat motif ondho\r\nBahan   : katun primisima\r\nUkuran :105cm x 220cm', 'imageproduct/Batik Motif Ondho.jpeg', '160000', 500, 2, '2022-03-03 03:03:05', '2022-03-03 03:04:00', 10, 3),
(39, 'Batik Motif Kupu Tumpal Gedek', 'Batik Ciprat motif kupu tumpal gedek\r\nBahan   : katun primisima\r\nUkuran :105cm x 220cm', 'imageproduct/Batik Motif Kupu Tumpal Gedek.jpeg', '175000', 500, 5, '2022-03-03 03:03:05', '2022-03-03 03:04:00', 11, 3),
(40, 'Batik Motif Kates & Angin', 'Batik Motif Kates & Angin\r\nBahan   : katun primisima\r\nUkuran :105cm x 220cm', 'imageproduct/Batik Motif Kates & Angin.jpeg', '175000', 500, 5, '2022-03-03 03:03:05', '2022-03-03 03:04:00', 10, 8),
(41, 'Batik Motif Godong Suruh', 'Batik Motif Godong Suruh\r\nBahan   : katun primisima\r\nUkuran :105cm x 220cm', 'imageproduct/Batik Motif Godong Suruh.jpeg', '160000', 500, 5, '2022-03-03 03:03:05', '2022-03-03 03:04:00', 13, 3),
(42, 'Batik Motif Godong So', 'Batik Motif Godong So\r\nBahan   : katun primisima\r\nUkuran :105cm x 220cm', 'imageproduct/Batik Motif Godong So.jpeg', '170000', 500, 5, '2022-03-03 03:03:05', '2022-03-03 03:04:00', 16, 8),
(43, 'Batik Motif Gepyok', 'Batik Motif Gepyok\r\nBahan   : katun primisima\r\nUkuran :105cm x 220cm', 'imageproduct/Batik Motif Gepyok.jpeg', '160000', 500, 4, '2022-03-03 03:03:05', '2022-03-03 03:04:00', 13, 8),
(44, 'Batik Motif Gepyok Tumpal', 'Batik Motif Gepyok Tumpal\r\nBahan   : katun primisima\r\nUkuran :105cm x 220cm', 'imageproduct/Batik Motif Gepyok Tumpal.jpeg', '170000', 500, 4, '2022-03-03 03:03:05', '2022-03-03 03:04:00', 12, 3),
(45, 'Batik Motif Gepyok Pelangi', 'Batik Motif Gepyok Pelangi\r\nBahan   : katun primisima\r\nUkuran :105cm x 220cm', 'imageproduct/Batik Motif Gepyok Pelangi.jpeg', '160000', 500, 4, '2022-03-03 03:03:05', '2022-03-03 03:04:00', 20, 8),
(46, 'Batik Motif Enting - Enting', 'Batik Motif Enting - Enting\r\nBahan   : katun primisima\r\nUkuran :105cm x 220cm', 'imageproduct/Batik Motif Enting - Enting.jpeg', '170000', 500, 3, '2022-03-03 03:03:05', '2022-03-03 03:04:00', 13, 8),
(47, 'Batik Motif Ekor Kuda Morat - Marit', 'Batik Motif Ekor Kuda Morat - Marit\r\nBahan   : katun primisima\r\nUkuran :105cm x 220cm', 'imageproduct/Batik Motif Ekor Kuda Morat - Marit.jpeg', '160000', 500, 3, '2022-03-03 03:03:05', '2022-03-03 03:04:00', 15, 3),
(48, 'Batik Motif Colet', 'Batik Motif Colet\r\nBahan   : katun primisima\r\nUkuran :105cm x 220cm', 'imageproduct/Batik Motif Colet.jpeg', '160000', 500, 4, '2022-03-03 03:03:05', '2022-03-03 03:04:00', 16, 3);

-- --------------------------------------------------------

--
-- Table structure for table `provinces`
--

CREATE TABLE `provinces` (
  `province_id` int(10) UNSIGNED NOT NULL,
  `nama_province` varchar(255) NOT NULL,
  `created_at` timestamp NULL DEFAULT NULL,
  `updated_at` timestamp NULL DEFAULT NULL
) ENGINE=InnoDB DEFAULT CHARSET=utf8mb4 COLLATE=utf8mb4_unicode_ci;

--
-- Dumping data for table `provinces`
--

INSERT INTO `provinces` (`province_id`, `nama_province`, `created_at`, `updated_at`) VALUES
(1, 'Aceh', NULL, NULL),
(2, 'Sumatra Utara', NULL, NULL),
(3, 'Sumatra Barat', NULL, NULL),
(4, 'Riau', NULL, NULL),
(5, 'Jambi', NULL, NULL),
(6, 'Sumatera Selatan', NULL, NULL),
(7, 'Bengkulu', NULL, NULL),
(8, 'Lampung', NULL, NULL),
(9, 'Kepulauan Bangka Belitung', NULL, NULL),
(10, 'Kepulauan Riau', NULL, NULL),
(11, 'DKI Jakarta', NULL, NULL),
(12, 'Jawa Barat', NULL, NULL),
(13, 'Jawa Tengah', NULL, NULL),
(14, 'DI Yogyakarta', NULL, NULL),
(15, 'Jawa Timur', NULL, NULL),
(16, 'Banten', NULL, NULL),
(17, 'Bali', NULL, NULL),
(18, 'Nusa Tenggara Barat', NULL, NULL),
(19, 'Nusa Tenggara Timur', NULL, NULL),
(20, 'Kalimantan Barat', NULL, NULL),
(21, 'Kalimantan Tengah', NULL, NULL),
(22, 'Kalimantan Selatan', NULL, NULL),
(23, 'Kalimantan Timur', NULL, NULL),
(24, 'Kalimantan Utara', NULL, NULL),
(25, 'Sulawesi Utara', NULL, NULL),
(26, 'Sulawesi Tengah', NULL, NULL),
(27, 'Sulawesi Selatan', NULL, NULL),
(28, 'Sulawesi Tenggara', NULL, NULL),
(29, 'Gorontalo', NULL, NULL),
(30, 'Sulawesi Barat', NULL, NULL),
(31, 'Maluku', NULL, NULL),
(32, 'Maluku Utara', NULL, NULL),
(33, 'Papua', NULL, NULL),
(34, 'Papua Barat', NULL, NULL);

-- --------------------------------------------------------

--
-- Table structure for table `rekening`
--

CREATE TABLE `rekening` (
  `id` int(10) UNSIGNED NOT NULL,
  `bank_name` varchar(255) NOT NULL,
  `atas_nama` varchar(255) NOT NULL,
  `no_rekening` varchar(255) NOT NULL,
  `created_at` timestamp NULL DEFAULT NULL,
  `updated_at` timestamp NULL DEFAULT NULL
) ENGINE=InnoDB DEFAULT CHARSET=utf8mb4 COLLATE=utf8mb4_unicode_ci;

--
-- Dumping data for table `rekening`
--

INSERT INTO `rekening` (`id`, `bank_name`, `atas_nama`, `no_rekening`, `created_at`, `updated_at`) VALUES
(4, 'BRI', 'SWP SAMBUNGROSO', '038800100000', '2022-08-13 06:27:17', '2023-01-23 07:57:56');

-- --------------------------------------------------------

--
-- Table structure for table `response_review`
--

CREATE TABLE `response_review` (
  `id` bigint(20) UNSIGNED NOT NULL,
  `tanggapan` text NOT NULL,
  `review_id` bigint(20) UNSIGNED DEFAULT NULL,
  `user_id` bigint(20) UNSIGNED DEFAULT NULL,
  `created_at` timestamp NULL DEFAULT NULL,
  `updated_at` timestamp NULL DEFAULT NULL
) ENGINE=InnoDB DEFAULT CHARSET=utf8mb4 COLLATE=utf8mb4_unicode_ci;

--
-- Dumping data for table `response_review`
--

INSERT INTO `response_review` (`id`, `tanggapan`, `review_id`, `user_id`, `created_at`, `updated_at`) VALUES
(6, 'Terimakasih feedbacknya', 10, 3, '2022-08-13 02:48:13', '2022-08-13 02:48:13'),
(7, 'Terimakasih feedbacknya', 15, 3, '2022-08-13 06:41:37', '2022-08-13 06:41:37'),
(8, 'Terimakasih feedbacknya', 16, 14, '2022-08-15 10:11:34', '2022-08-15 10:11:34'),
(9, 'terimakasih kunjunganya', 17, 3, '2023-01-23 11:09:12', '2023-01-23 11:09:12');

-- --------------------------------------------------------

--
-- Table structure for table `reviews`
--

CREATE TABLE `reviews` (
  `id` bigint(20) UNSIGNED NOT NULL,
  `star` int(11) NOT NULL,
  `review` text NOT NULL,
  `product_id` bigint(20) UNSIGNED DEFAULT NULL,
  `order_id` bigint(20) UNSIGNED DEFAULT NULL,
  `created_at` timestamp NULL DEFAULT NULL,
  `updated_at` timestamp NULL DEFAULT NULL
) ENGINE=InnoDB DEFAULT CHARSET=utf8mb4 COLLATE=utf8mb4_unicode_ci;

--
-- Dumping data for table `reviews`
--

INSERT INTO `reviews` (`id`, `star`, `review`, `product_id`, `order_id`, `created_at`, `updated_at`) VALUES
(9, 5, 'Produk bagus', 8, 76, '2022-08-12 17:45:15', '2022-08-12 17:45:15'),
(10, 4, 'Barang telah sampai dan sesuai', 9, 77, '2022-08-13 02:44:45', '2022-08-13 02:44:45'),
(11, 4, 'Barang telah sampai dan sesuai', 16, 77, '2022-08-13 02:45:54', '2022-08-13 02:45:54'),
(12, 5, 'Kualitas barang oke', 40, 78, '2022-08-13 04:45:33', '2022-08-13 04:45:33'),
(13, 4, 'Kualitas barang oke', 7, 78, '2022-08-13 04:46:00', '2022-08-13 04:46:00'),
(14, 4, 'Barang bagus', 11, 81, '2022-08-13 06:39:11', '2022-08-13 06:39:11'),
(15, 4, 'Barang sangat bagus', 6, 81, '2022-08-13 06:40:06', '2022-08-13 06:40:06'),
(16, 4, 'Barang Oke bagus', 4, 87, '2022-08-15 10:08:07', '2022-08-15 10:08:07'),
(17, 4, 'produk sangat bagus', 32, 95, '2023-01-23 11:05:29', '2023-01-23 11:05:29');

-- --------------------------------------------------------

--
-- Table structure for table `status_order`
--

CREATE TABLE `status_order` (
  `id` int(10) UNSIGNED NOT NULL,
  `name` varchar(255) NOT NULL,
  `created_at` timestamp NULL DEFAULT NULL,
  `updated_at` timestamp NULL DEFAULT NULL
) ENGINE=InnoDB DEFAULT CHARSET=utf8mb4 COLLATE=utf8mb4_unicode_ci;

--
-- Dumping data for table `status_order`
--

INSERT INTO `status_order` (`id`, `name`, `created_at`, `updated_at`) VALUES
(1, 'Tunggu Konfirmasi', NULL, NULL),
(2, 'Belum Bayar', NULL, NULL),
(3, 'Perlu Di Cek', NULL, NULL),
(4, 'Telah Di Bayar', NULL, NULL),
(5, 'Barang Di Kirim', NULL, NULL),
(6, 'Barang Telah Sampai', NULL, NULL),
(7, 'Pesanan Di Batalkan', NULL, NULL);

-- --------------------------------------------------------

--
-- Table structure for table `testimony_customers`
--

CREATE TABLE `testimony_customers` (
  `id` int(10) UNSIGNED NOT NULL,
  `customer_id` int(10) UNSIGNED NOT NULL,
  `subject` varchar(255) NOT NULL,
  `image` varchar(255) NOT NULL,
  `star` int(11) NOT NULL,
  `created_at` timestamp NULL DEFAULT NULL,
  `updated_at` timestamp NULL DEFAULT NULL
) ENGINE=InnoDB DEFAULT CHARSET=utf8mb4 COLLATE=utf8mb4_unicode_ci;

-- --------------------------------------------------------

--
-- Table structure for table `users`
--

CREATE TABLE `users` (
  `id` bigint(20) UNSIGNED NOT NULL,
  `name` varchar(255) NOT NULL,
  `email` varchar(255) NOT NULL,
  `email_verified_at` timestamp NULL DEFAULT NULL,
  `password` varchar(255) NOT NULL,
  `remember_token` varchar(100) DEFAULT NULL,
  `created_at` timestamp NULL DEFAULT NULL,
  `updated_at` timestamp NULL DEFAULT NULL,
  `roles` varchar(255) NOT NULL
) ENGINE=InnoDB DEFAULT CHARSET=utf8mb4 COLLATE=utf8mb4_unicode_ci;

--
-- Dumping data for table `users`
--

INSERT INTO `users` (`id`, `name`, `email`, `email_verified_at`, `password`, `remember_token`, `created_at`, `updated_at`, `roles`) VALUES
(1, 'administrator', 'admin@gmail.com', NULL, '$2y$10$c.oXIcN9oFoIvifZxhDUvORu/1NqHKDFy/K1QYl2C5VZveYxPp5E2', NULL, '2022-07-06 23:55:55', '2022-07-06 23:55:55', 'Administrator'),
(2, 'ketua', 'ketua@gmail.com', NULL, '$2y$10$uE.pvcPcn.DA/Ul.B3PXyOVJT7BNs.ogkJKjKJ6aDgK05P0fJ/FX6', NULL, '2022-07-06 23:55:56', '2022-07-06 23:55:56', 'Ketua'),
(3, 'pengrajin', 'pengrajin@gmail.com', NULL, '$2y$10$.ZWQZesC3351OtOur4hBVeRObOwS7fKMQmO1tXNcEA09fAN3JXJWC', NULL, '2022-07-06 23:55:56', '2022-07-06 23:55:56', 'Pengrajin'),
(8, 'Pengrajin B', 'pengrajin_b@gmail.com', NULL, '$2y$10$.ZWQZesC3351OtOur4hBVeRObOwS7fKMQmO1tXNcEA09fAN3JXJWC', NULL, '2022-07-19 20:06:07', '2022-07-19 20:06:07', 'Pengrajin'),
(9, 'Ana Subekti', 'ana@gmail.com', NULL, '$2y$10$/YgUvbO5rntvhkPBPUxCy.ebLPRwXDd8z7UtxYWBg6UJvviCSGmKO', NULL, '2022-07-31 23:46:41', '2022-07-31 23:46:41', 'Customer'),
(11, 'Yusuf Ahmad', 'yusuf@gmail.com', NULL, '$2y$10$2zgrWSZZtlsaj7UuUbOJHOaL5eEtpPsgUm275IgsSJEpkjd4SxP9e', NULL, '2022-08-01 00:33:29', '2022-08-01 00:33:29', 'Customer'),
(12, 'razi', 'razi@gmail.com', NULL, '$2y$10$xsSbzMv6pSI0vYExr4edX.osLCAJN1QCMAlxsBzwKsjQ4KLiySTrS', NULL, '2022-08-05 15:42:15', '2022-08-05 15:42:15', 'Customer'),
(13, 'sakti', 'saktiadmin@gmail.com', NULL, '$2y$10$c.oXIcN9oFoIvifZxhDUvORu/1NqHKDFy/K1QYl2C5VZveYxPp5E2', NULL, '2022-08-05 15:43:32', '2022-08-05 15:43:32', 'Administrator'),
(14, 'luhur', 'pengrajin3@gmail.com', NULL, '$2y$10$.ZWQZesC3351OtOur4hBVeRObOwS7fKMQmO1tXNcEA09fAN3JXJWC', NULL, '2022-08-05 15:59:52', '2022-08-05 15:59:52', 'Pengrajin'),
(15, 'syakir', 'syakir@gmail.com', NULL, '$2y$10$kKv3YFOpl./cjN7PR6EHyuB7IxqANJdoXg5/DJ6J1rg.8GcHUQk9u', NULL, '2022-08-06 14:12:34', '2022-08-06 14:12:34', 'Customer'),
(16, 'cus', 'cus@gmail.com', NULL, '$2y$10$ILvSoDFdfsZJg3KhPebkxOzFfL7W/mVfSaG0PUsF.l5Bt/NuYB00W', NULL, '2022-08-08 13:42:06', '2022-08-08 13:42:06', 'Customer'),
(17, 'Harelda', 'harelda@gmail.com', NULL, '$2y$10$lqyvDZe2CluS0nP1sUljs.jnb4h.mcErVgBTo3DQFRv.Fe8Mh5/Q2', NULL, '2022-08-13 02:18:06', '2022-08-13 02:18:06', 'Customer'),
(18, 'Kirana', 'kirana@gmail.com', NULL, '$2y$10$ceCLf0Z5tl9nC3ATyPtpUu2MTiql9zW7Fs7miU.7n7oP.st7PHs8a', NULL, '2022-08-13 05:48:35', '2022-08-13 05:48:35', 'Customer'),
(19, 'Diyana', 'diyana@gmail.com', NULL, '$2y$10$qNQFDlVMDSsaILIL3gkcDe7wwvBXjPpPzRimjQ.YkXX4E/U4en3cq', NULL, '2022-08-13 05:57:53', '2022-08-13 05:57:53', 'Customer'),
(20, 'Damario', 'damario@gmail.com', NULL, '$2y$10$DjB6M33eziYhFjihQthBbeQ4gwDr4y5h0oZapEFYeM8PwTw8qzp2y', NULL, '2022-12-22 14:08:22', '2022-12-22 14:08:22', 'Customer'),
(21, 'admin1', 'admin1@gmail.com', NULL, '$2y$10$ypDWFFiOesvF7U/SKpxzMOKr2x34QzZvZszCorCtaTkipD2XgV7Ia', NULL, '2023-08-04 02:42:14', '2023-08-04 02:42:14', 'Administrator'),
(22, 'pengrajin1', 'pengrajin1@gmail.com', NULL, '$2y$10$jBga1OIxPMCq0nxHuIfRtuWG4cyFVYsKXsp9PcuX3oit0PBDpl0oC', NULL, '2023-08-04 02:46:43', '2023-08-04 02:46:43', 'Pengrajin');

--
-- Indexes for dumped tables
--

--
-- Indexes for table `alamat`
--
ALTER TABLE `alamat`
  ADD PRIMARY KEY (`id`),
  ADD KEY `alamat_cities_id_index` (`cities_id`),
  ADD KEY `alamat_user_id_index` (`user_id`);

--
-- Indexes for table `alamat_toko`
--
ALTER TABLE `alamat_toko`
  ADD PRIMARY KEY (`id`);

--
-- Indexes for table `categories`
--
ALTER TABLE `categories`
  ADD PRIMARY KEY (`id`);

--
-- Indexes for table `cekongkir`
--
ALTER TABLE `cekongkir`
  ADD PRIMARY KEY (`id`);

--
-- Indexes for table `cities`
--
ALTER TABLE `cities`
  ADD PRIMARY KEY (`city_id`),
  ADD KEY `cities_province_id_foreign` (`province_id`);

--
-- Indexes for table `couriers`
--
ALTER TABLE `couriers`
  ADD PRIMARY KEY (`id`);

--
-- Indexes for table `detail_order`
--
ALTER TABLE `detail_order`
  ADD PRIMARY KEY (`id`);

--
-- Indexes for table `failed_jobs`
--
ALTER TABLE `failed_jobs`
  ADD PRIMARY KEY (`id`);

--
-- Indexes for table `keranjang`
--
ALTER TABLE `keranjang`
  ADD PRIMARY KEY (`id`);

--
-- Indexes for table `migrations`
--
ALTER TABLE `migrations`
  ADD PRIMARY KEY (`id`);

--
-- Indexes for table `order`
--
ALTER TABLE `order`
  ADD PRIMARY KEY (`id`);

--
-- Indexes for table `password_resets`
--
ALTER TABLE `password_resets`
  ADD KEY `password_resets_email_index` (`email`);

--
-- Indexes for table `posts`
--
ALTER TABLE `posts`
  ADD PRIMARY KEY (`id`),
  ADD KEY `posts_customer_id_index` (`customer_id`);

--
-- Indexes for table `products`
--
ALTER TABLE `products`
  ADD PRIMARY KEY (`id`),
  ADD KEY `products_pengrajin_id_foreign` (`pengrajin_id`);

--
-- Indexes for table `provinces`
--
ALTER TABLE `provinces`
  ADD PRIMARY KEY (`province_id`);

--
-- Indexes for table `rekening`
--
ALTER TABLE `rekening`
  ADD PRIMARY KEY (`id`);

--
-- Indexes for table `response_review`
--
ALTER TABLE `response_review`
  ADD PRIMARY KEY (`id`),
  ADD KEY `response_review_review_id_foreign` (`review_id`),
  ADD KEY `response_review_user_id_foreign` (`user_id`);

--
-- Indexes for table `reviews`
--
ALTER TABLE `reviews`
  ADD PRIMARY KEY (`id`),
  ADD KEY `reviews_product_id_foreign` (`product_id`),
  ADD KEY `reviews_order_id_foreign` (`order_id`);

--
-- Indexes for table `status_order`
--
ALTER TABLE `status_order`
  ADD PRIMARY KEY (`id`);

--
-- Indexes for table `testimony_customers`
--
ALTER TABLE `testimony_customers`
  ADD PRIMARY KEY (`id`),
  ADD KEY `testimony_customers_customer_id_index` (`customer_id`);

--
-- Indexes for table `users`
--
ALTER TABLE `users`
  ADD PRIMARY KEY (`id`),
  ADD UNIQUE KEY `users_email_unique` (`email`);

--
-- AUTO_INCREMENT for dumped tables
--

--
-- AUTO_INCREMENT for table `alamat`
--
ALTER TABLE `alamat`
  MODIFY `id` bigint(20) UNSIGNED NOT NULL AUTO_INCREMENT, AUTO_INCREMENT=11;

--
-- AUTO_INCREMENT for table `alamat_toko`
--
ALTER TABLE `alamat_toko`
  MODIFY `id` bigint(20) UNSIGNED NOT NULL AUTO_INCREMENT, AUTO_INCREMENT=2;

--
-- AUTO_INCREMENT for table `categories`
--
ALTER TABLE `categories`
  MODIFY `id` int(10) UNSIGNED NOT NULL AUTO_INCREMENT, AUTO_INCREMENT=11;

--
-- AUTO_INCREMENT for table `cekongkir`
--
ALTER TABLE `cekongkir`
  MODIFY `id` int(10) UNSIGNED NOT NULL AUTO_INCREMENT;

--
-- AUTO_INCREMENT for table `cities`
--
ALTER TABLE `cities`
  MODIFY `city_id` int(10) UNSIGNED NOT NULL AUTO_INCREMENT, AUTO_INCREMENT=1011;

--
-- AUTO_INCREMENT for table `couriers`
--
ALTER TABLE `couriers`
  MODIFY `id` int(10) UNSIGNED NOT NULL AUTO_INCREMENT, AUTO_INCREMENT=4;

--
-- AUTO_INCREMENT for table `detail_order`
--
ALTER TABLE `detail_order`
  MODIFY `id` bigint(20) UNSIGNED NOT NULL AUTO_INCREMENT, AUTO_INCREMENT=105;

--
-- AUTO_INCREMENT for table `failed_jobs`
--
ALTER TABLE `failed_jobs`
  MODIFY `id` int(10) UNSIGNED NOT NULL AUTO_INCREMENT;

--
-- AUTO_INCREMENT for table `keranjang`
--
ALTER TABLE `keranjang`
  MODIFY `id` int(10) UNSIGNED NOT NULL AUTO_INCREMENT, AUTO_INCREMENT=71;

--
-- AUTO_INCREMENT for table `migrations`
--
ALTER TABLE `migrations`
  MODIFY `id` int(10) UNSIGNED NOT NULL AUTO_INCREMENT, AUTO_INCREMENT=33;

--
-- AUTO_INCREMENT for table `order`
--
ALTER TABLE `order`
  MODIFY `id` bigint(20) UNSIGNED NOT NULL AUTO_INCREMENT, AUTO_INCREMENT=96;

--
-- AUTO_INCREMENT for table `posts`
--
ALTER TABLE `posts`
  MODIFY `id` int(10) UNSIGNED NOT NULL AUTO_INCREMENT;

--
-- AUTO_INCREMENT for table `products`
--
ALTER TABLE `products`
  MODIFY `id` bigint(20) UNSIGNED NOT NULL AUTO_INCREMENT, AUTO_INCREMENT=51;

--
-- AUTO_INCREMENT for table `provinces`
--
ALTER TABLE `provinces`
  MODIFY `province_id` int(10) UNSIGNED NOT NULL AUTO_INCREMENT, AUTO_INCREMENT=35;

--
-- AUTO_INCREMENT for table `rekening`
--
ALTER TABLE `rekening`
  MODIFY `id` int(10) UNSIGNED NOT NULL AUTO_INCREMENT, AUTO_INCREMENT=7;

--
-- AUTO_INCREMENT for table `response_review`
--
ALTER TABLE `response_review`
  MODIFY `id` bigint(20) UNSIGNED NOT NULL AUTO_INCREMENT, AUTO_INCREMENT=10;

--
-- AUTO_INCREMENT for table `reviews`
--
ALTER TABLE `reviews`
  MODIFY `id` bigint(20) UNSIGNED NOT NULL AUTO_INCREMENT, AUTO_INCREMENT=18;

--
-- AUTO_INCREMENT for table `status_order`
--
ALTER TABLE `status_order`
  MODIFY `id` int(10) UNSIGNED NOT NULL AUTO_INCREMENT, AUTO_INCREMENT=8;

--
-- AUTO_INCREMENT for table `testimony_customers`
--
ALTER TABLE `testimony_customers`
  MODIFY `id` int(10) UNSIGNED NOT NULL AUTO_INCREMENT;

--
-- AUTO_INCREMENT for table `users`
--
ALTER TABLE `users`
  MODIFY `id` bigint(20) UNSIGNED NOT NULL AUTO_INCREMENT, AUTO_INCREMENT=23;

--
-- Constraints for dumped tables
--

--
-- Constraints for table `cities`
--
ALTER TABLE `cities`
  ADD CONSTRAINT `cities_province_id_foreign` FOREIGN KEY (`province_id`) REFERENCES `provinces` (`province_id`) ON DELETE CASCADE ON UPDATE CASCADE;

--
-- Constraints for table `products`
--
ALTER TABLE `products`
  ADD CONSTRAINT `products_pengrajin_id_foreign` FOREIGN KEY (`pengrajin_id`) REFERENCES `users` (`id`) ON DELETE CASCADE;

--
-- Constraints for table `response_review`
--
ALTER TABLE `response_review`
  ADD CONSTRAINT `response_review_review_id_foreign` FOREIGN KEY (`review_id`) REFERENCES `reviews` (`id`) ON DELETE CASCADE,
  ADD CONSTRAINT `response_review_user_id_foreign` FOREIGN KEY (`user_id`) REFERENCES `users` (`id`) ON DELETE CASCADE;

--
-- Constraints for table `reviews`
--
ALTER TABLE `reviews`
  ADD CONSTRAINT `reviews_order_id_foreign` FOREIGN KEY (`order_id`) REFERENCES `order` (`id`) ON DELETE CASCADE,
  ADD CONSTRAINT `reviews_product_id_foreign` FOREIGN KEY (`product_id`) REFERENCES `products` (`id`) ON DELETE CASCADE;
COMMIT;

/*!40101 SET CHARACTER_SET_CLIENT=@OLD_CHARACTER_SET_CLIENT */;
/*!40101 SET CHARACTER_SET_RESULTS=@OLD_CHARACTER_SET_RESULTS */;
/*!40101 SET COLLATION_CONNECTION=@OLD_COLLATION_CONNECTION */;
